<?xml version="1.0" encoding="ISO-8859-1"?>
<!-- Copyright (c) 2014, 2016-2017, The Linux Foundation. All rights reserved. -->
<!--                                                                        -->
<!-- Redistribution and use in source and binary forms, with or without     -->
<!-- modification, are permitted provided that the following conditions are -->
<!-- met:                                                                   -->
<!--     * Redistributions of source code must retain the above copyright   -->
<!--       notice, this list of conditions and the following disclaimer.    -->
<!--     * Redistributions in binary form must reproduce the above          -->
<!--       copyright notice, this list of conditions and the following      -->
<!--       disclaimer in the documentation and/or other materials provided  -->
<!--       with the distribution.                                           -->
<!--     * Neither the name of The Linux Foundation nor the names of its    -->
<!--       contributors may be used to endorse or promote products derived  -->
<!--       from this software without specific prior written permission.    -->
<!--                                                                        -->
<!-- THIS SOFTWARE IS PROVIDED "AS IS" AND ANY EXPRESS OR IMPLIED           -->
<!-- WARRANTIES, INCLUDING, BUT NOT LIMITED TO, THE IMPLIED WARRANTIES OF   -->
<!-- MERCHANTABILITY, FITNESS FOR A PARTICULAR PURPOSE AND NON-INFRINGEMENT -->
<!-- ARE DISCLAIMED.  IN NO EVENT SHALL THE COPYRIGHT OWNER OR CONTRIBUTORS -->
<!-- BE LIABLE FOR ANY DIRECT, INDIRECT, INCIDENTAL, SPECIAL, EXEMPLARY, OR -->
<!-- CONSEQUENTIAL DAMAGES (INCLUDING, BUT NOT LIMITED TO, PROCUREMENT OF   -->
<!-- SUBSTITUTE GOODS OR SERVICES; LOSS OF USE, DATA, OR PROFITS; OR        -->
<!-- BUSINESS INTERRUPTION) HOWEVER CAUSED AND ON ANY THEORY OF LIABILITY,  -->
<!-- OR OTHERWISE) ARISING IN ANY WAY OUT OF THE USE OF THIS SOFTWARE, EVEN -->
<!-- IF ADVISED OF THE POSSIBILITY OF SUCH DAMAGE.                          -->
<audio_platform_info_i2s>
    <acdb_ids>
        <device name="SND_DEVICE_IN_HANDSET_MIC" acdb_id="8" />
        <device name="SND_DEVICE_IN_SPEAKER_MIC" acdb_id="8" />
        <device name="SND_DEVICE_IN_VOICE_SPEAKER_MIC" acdb_id="8" />
        <device name="SND_DEVICE_OUT_HANDSET" acdb_id="10" />
        <device name="SND_DEVICE_OUT_VOICE_HANDSET" acdb_id="10" />
        <device name="SND_DEVICE_OUT_SPEAKER" acdb_id="10" />
        <device name="SND_DEVICE_OUT_VOICE_SPEAKER" acdb_id="10" />
    </acdb_ids>
    <pcm_ids>
        <usecase name="USECASE_VOICEMMODE1_CALL" type="in" id="2"/>
        <usecase name="USECASE_VOICEMMODE1_CALL" type="out" id="2"/>
        <usecase name="USECASE_VOICEMMODE2_CALL" type="in" id="3"/>
        <usecase name="USECASE_VOICEMMODE2_CALL" type="out" id="3"/>
    </pcm_ids>
</audio_platform_info_i2s>
